name	,	sex
Daryl	,	boy
Ryker	,	boy
Austen	,	boy
Cristobal	,	boy
Giovani	,	boy
Bret	,	boy
Destin	,	boy
Stephon	,	boy
Sullivan	,	boy
Kennedy	,	boy
Soren	,	boy
Dontae	,	boy
Eliezer	,	boy
Kory	,	boy
Kurtis	,	boy
Mordechai	,	boy
Stuart	,	boy
Fidel	,	boy
Glen	,	boy
Mikel	,	boy
Vernon	,	boy
Zavier	,	boy
Cash	,	boy
Cristofer	,	boy
Jase	,	boy
Menachem	,	boy
Bernardo	,	boy
Campbell	,	boy
Jamil	,	boy
Deshaun	,	boy
Trystan	,	boy
Freddie	,	boy
Nash	,	boy
Rahul	,	boy
Benny	,	boy
Bridger	,	boy
Elvin	,	boy
Justyn	,	boy
Kasey	,	boy
Ryland	,	boy
Yusuf	,	boy
Amos	,	boy
Benito	,	boy
Coy	,	boy
Fletcher	,	boy
Kyree	,	boy
Matthias	,	boy
Rocky	,	boy
Trevion	,	boy
Zaid	,	boy
Zayne	,	boy
Arnav	,	boy
Canyon	,	boy
Marion	,	boy
Samson	,	boy
Jacob	,	boy
Michael	,	boy
Joshua	,	boy
Matthew	,	boy
Ethan	,	boy
Andrew	,	boy
Daniel	,	boy
William	,	boy
Joseph	,	boy
Christopher	,	boy
Anthony	,	boy
Ryan	,	boy
Nicholas	,	boy
David	,	boy
Alexander	,	boy
Tyler	,	boy
James	,	boy
John	,	boy
Dylan	,	boy
Nathan	,	boy
Jonathan	,	boy
Brandon	,	boy
Samuel	,	boy
Christian	,	boy
Benjamin	,	boy
Zachary	,	boy
Logan	,	boy
Jose	,	boy
Noah	,	boy
Justin	,	boy
Elijah	,	boy
Gabriel	,	boy
Caleb	,	boy
Kevin	,	boy
Austin	,	boy
Robert	,	boy
Thomas	,	boy
Connor	,	boy
Evan	,	boy
Aidan	,	boy
Luke	,	boy
Jack	,	boy
Jordan	,	boy
Angel	,	boy
Isaiah	,	boy
Isaac	,	boy
Jason	,	boy
Jackson	,	boy
Alba	,	girl
Albert	,	girl
Albertina	,	girl
Alverda	,	girl
Alwine	,	girl
Amma	,	girl
Andrea	,	girl
Angelita	,	girl
Anner	,	girl
Antonette	,	girl
Arabella	,	girl
Atha	,	girl
Augustine	,	girl
Beaulah	,	girl
Becky	,	girl
Beda	,	girl
Bena	,	girl
Beula	,	girl
Biddie	,	girl
Billie	,	girl
Birtha	,	girl
Caddie	,	girl
Carl	,	girl
Carmelita	,	girl
Celesta	,	girl
Celestine	,	girl
Celie	,	girl
Clemma	,	girl
Clora	,	girl
Daisie	,	girl
Dale	,	girl
Delma	,	girl
Dessa	,	girl
Dosha	,	girl
Elena	,	girl
Eleonora	,	girl
Elia	,	girl
Eloisa	,	girl
Emmaline	,	girl
Eppie	,	girl
Ernest	,	girl
Exie	,	girl
Ferne	,	girl
Fleta	,	girl
Florance	,	girl
Gene	,	girl
Gina	,	girl
Gretta	,	girl
Gustie	,	girl
Hazle	,	girl
Ivory	,	girl
Izora	,	girl
Joy	,	girl
Joyce	,	girl
Junie	,	girl
Justina	,	girl
Lillia	,	girl
Lissie	,	girl
Loma	,	girl
Louis	,	girl
Lu	,	girl
Lulie	,	girl
Mabell	,	girl
Macy	,	girl
Mary	,	girl
Anna	,	girl
Elizabeth	,	girl
Emma	,	girl
Margaret	,	girl
Minnie	,	girl
Bertha	,	girl
Florence	,	girl
Ethel	,	girl
Bessie	,	girl
Clara	,	girl
Ida	,	girl
Alice	,	girl
Annie	,	girl
Grace	,	girl
Helen	,	girl
Mabel	,	girl
Ella	,	girl
Martha	,	girl
